name, image_link
african, https://images.dog.ceo/breeds/african/n02116738_10024.jpg
african, https://images.dog.ceo/breeds/african/n02116738_10038.jpg
african, https://images.dog.ceo/breeds/african/n02116738_10081.jpg
african, https://images.dog.ceo/breeds/african/n02116738_10169.jpg
african, https://images.dog.ceo/breeds/african/n02116738_10215.jpg
african, https://images.dog.ceo/breeds/african/n02116738_10469.jpg
african, https://images.dog.ceo/breeds/african/n02116738_10476.jpg
african, https://images.dog.ceo/breeds/african/n02116738_10493.jpg
african, https://images.dog.ceo/breeds/african/n02116738_10575.jpg
african, https://images.dog.ceo/breeds/african/n02116738_10614.jpg
african, https://images.dog.ceo/breeds/african/n02116738_10640.jpg
african, https://images.dog.ceo/breeds/african/n02116738_10872.jpg
african, https://images.dog.ceo/breeds/african/n02116738_10895.jpg
african, https://images.dog.ceo/breeds/african/n02116738_1097.jpg
african, https://images.dog.ceo/breeds/african/n02116738_1105.jpg
african, https://images.dog.ceo/breeds/african/n02116738_1180.jpg
african, https://images.dog.ceo/breeds/african/n02116738_124.jpg
african, https://images.dog.ceo/breeds/african/n02116738_1398.jpg
african, https://images.dog.ceo/breeds/african/n02116738_1591.jpg
african, https://images.dog.ceo/breeds/african/n02116738_1627.jpg
african, https://images.dog.ceo/breeds/african/n02116738_1739.jpg
african, https://images.dog.ceo/breeds/african/n02116738_1815.jpg
african, https://images.dog.ceo/breeds/african/n02116738_1849.jpg
african, https://images.dog.ceo/breeds/african/n02116738_1927.jpg
african, https://images.dog.ceo/breeds/african/n02116738_1948.jpg
african, https://images.dog.ceo/breeds/african/n02116738_2005.jpg
african, https://images.dog.ceo/breeds/african/n02116738_2020.jpg
african, https://images.dog.ceo/breeds/african/n02116738_204.jpg
african, https://images.dog.ceo/breeds/african/n02116738_2083.jpg
african, https://images.dog.ceo/breeds/african/n02116738_2139.jpg
african, https://images.dog.ceo/breeds/african/n02116738_219.jpg
african, https://images.dog.ceo/breeds/african/n02116738_2192.jpg
african, https://images.dog.ceo/breeds/african/n02116738_2327.jpg
african, https://images.dog.ceo/breeds/african/n02116738_2329.jpg
african, https://images.dog.ceo/breeds/african/n02116738_233.jpg
african, https://images.dog.ceo/breeds/african/n02116738_2344.jpg
african, https://images.dog.ceo/breeds/african/n02116738_2435.jpg
african, https://images.dog.ceo/breeds/african/n02116738_246.jpg
african, https://images.dog.ceo/breeds/african/n02116738_2482.jpg
african, https://images.dog.ceo/breeds/african/n02116738_2503.jpg
african, https://images.dog.ceo/breeds/african/n02116738_2514.jpg
african, https://images.dog.ceo/breeds/african/n02116738_2515.jpg
african, https://images.dog.ceo/breeds/african/n02116738_2557.jpg
african, https://images.dog.ceo/breeds/african/n02116738_2599.jpg
african, https://images.dog.ceo/breeds/african/n02116738_2600.jpg
african, https://images.dog.ceo/breeds/african/n02116738_2614.jpg
african, https://images.dog.ceo/breeds/african/n02116738_2675.jpg
african, https://images.dog.ceo/breeds/african/n02116738_2757.jpg
african, https://images.dog.ceo/breeds/african/n02116738_2770.jpg
african, https://images.dog.ceo/breeds/african/n02116738_2802.jpg
african, https://images.dog.ceo/breeds/african/n02116738_288.jpg
african, https://images.dog.ceo/breeds/african/n02116738_291.jpg
african, https://images.dog.ceo/breeds/african/n02116738_2942.jpg
african, https://images.dog.ceo/breeds/african/n02116738_2988.jpg
african, https://images.dog.ceo/breeds/african/n02116738_3024.jpg
african, https://images.dog.ceo/breeds/african/n02116738_308.jpg
african, https://images.dog.ceo/breeds/african/n02116738_3160.jpg
african, https://images.dog.ceo/breeds/african/n02116738_328.jpg
african, https://images.dog.ceo/breeds/african/n02116738_3365.jpg
african, https://images.dog.ceo/breeds/african/n02116738_3422.jpg
african, https://images.dog.ceo/breeds/african/n02116738_3589.jpg
african, https://images.dog.ceo/breeds/african/n02116738_3635.jpg
african, https://images.dog.ceo/breeds/african/n02116738_3692.jpg
african, https://images.dog.ceo/breeds/african/n02116738_3720.jpg
african, https://images.dog.ceo/breeds/african/n02116738_3819.jpg
african, https://images.dog.ceo/breeds/african/n02116738_385.jpg
african, https://images.dog.ceo/breeds/african/n02116738_4019.jpg
african, https://images.dog.ceo/breeds/african/n02116738_4098.jpg
african, https://images.dog.ceo/breeds/african/n02116738_4102.jpg
african, https://images.dog.ceo/breeds/african/n02116738_4115.jpg
african, https://images.dog.ceo/breeds/african/n02116738_4138.jpg
african, https://images.dog.ceo/breeds/african/n02116738_431.jpg
african, https://images.dog.ceo/breeds/african/n02116738_4323.jpg
african, https://images.dog.ceo/breeds/african/n02116738_4335.jpg
african, https://images.dog.ceo/breeds/african/n02116738_4367.jpg
african, https://images.dog.ceo/breeds/african/n02116738_4382.jpg
african, https://images.dog.ceo/breeds/african/n02116738_4461.jpg
african, https://images.dog.ceo/breeds/african/n02116738_4508.jpg
african, https://images.dog.ceo/breeds/african/n02116738_4641.jpg
african, https://images.dog.ceo/breeds/african/n02116738_4720.jpg
african, https://images.dog.ceo/breeds/african/n02116738_4732.jpg
african, https://images.dog.ceo/breeds/african/n02116738_4734.jpg
african, https://images.dog.ceo/breeds/african/n02116738_4742.jpg
african, https://images.dog.ceo/breeds/african/n02116738_4758.jpg
african, https://images.dog.ceo/breeds/african/n02116738_4796.jpg
african, https://images.dog.ceo/breeds/african/n02116738_4834.jpg
african, https://images.dog.ceo/breeds/african/n02116738_4991.jpg
african, https://images.dog.ceo/breeds/african/n02116738_500.jpg
african, https://images.dog.ceo/breeds/african/n02116738_5068.jpg
african, https://images.dog.ceo/breeds/african/n02116738_5241.jpg
african, https://images.dog.ceo/breeds/african/n02116738_5312.jpg
african, https://images.dog.ceo/breeds/african/n02116738_5338.jpg
african, https://images.dog.ceo/breeds/african/n02116738_5519.jpg
african, https://images.dog.ceo/breeds/african/n02116738_5635.jpg
african, https://images.dog.ceo/breeds/african/n02116738_5661.jpg
african, https://images.dog.ceo/breeds/african/n02116738_5683.jpg
african, https://images.dog.ceo/breeds/african/n02116738_5697.jpg
african, https://images.dog.ceo/breeds/african/n02116738_5932.jpg
african, https://images.dog.ceo/breeds/african/n02116738_5936.jpg
african, https://images.dog.ceo/breeds/african/n02116738_5953.jpg
african, https://images.dog.ceo/breeds/african/n02116738_5956.jpg
african, https://images.dog.ceo/breeds/african/n02116738_5993.jpg
african, https://images.dog.ceo/breeds/african/n02116738_6038.jpg
african, https://images.dog.ceo/breeds/african/n02116738_6044.jpg
african, https://images.dog.ceo/breeds/african/n02116738_607.jpg
african, https://images.dog.ceo/breeds/african/n02116738_6076.jpg
african, https://images.dog.ceo/breeds/african/n02116738_6092.jpg
african, https://images.dog.ceo/breeds/african/n02116738_6117.jpg
african, https://images.dog.ceo/breeds/african/n02116738_6283.jpg
african, https://images.dog.ceo/breeds/african/n02116738_6297.jpg
african, https://images.dog.ceo/breeds/african/n02116738_6330.jpg
african, https://images.dog.ceo/breeds/african/n02116738_634.jpg
african, https://images.dog.ceo/breeds/african/n02116738_6563.jpg
african, https://images.dog.ceo/breeds/african/n02116738_662.jpg
african, https://images.dog.ceo/breeds/african/n02116738_6746.jpg
african, https://images.dog.ceo/breeds/african/n02116738_6748.jpg
african, https://images.dog.ceo/breeds/african/n02116738_6754.jpg
african, https://images.dog.ceo/breeds/african/n02116738_678.jpg
african, https://images.dog.ceo/breeds/african/n02116738_6790.jpg
african, https://images.dog.ceo/breeds/african/n02116738_6813.jpg
african, https://images.dog.ceo/breeds/african/n02116738_684.jpg
african, https://images.dog.ceo/breeds/african/n02116738_7008.jpg
african, https://images.dog.ceo/breeds/african/n02116738_7026.jpg
african, https://images.dog.ceo/breeds/african/n02116738_7060.jpg
african, https://images.dog.ceo/breeds/african/n02116738_7105.jpg
african, https://images.dog.ceo/breeds/african/n02116738_7122.jpg
african, https://images.dog.ceo/breeds/african/n02116738_7170.jpg
african, https://images.dog.ceo/breeds/african/n02116738_7340.jpg
african, https://images.dog.ceo/breeds/african/n02116738_7506.jpg
african, https://images.dog.ceo/breeds/african/n02116738_7537.jpg
african, https://images.dog.ceo/breeds/african/n02116738_7578.jpg
african, https://images.dog.ceo/breeds/african/n02116738_7580.jpg
african, https://images.dog.ceo/breeds/african/n02116738_7590.jpg
african, https://images.dog.ceo/breeds/african/n02116738_7601.jpg
african, https://images.dog.ceo/breeds/african/n02116738_7657.jpg
african, https://images.dog.ceo/breeds/african/n02116738_7753.jpg
african, https://images.dog.ceo/breeds/african/n02116738_7988.jpg
african, https://images.dog.ceo/breeds/african/n02116738_8037.jpg
african, https://images.dog.ceo/breeds/african/n02116738_806.jpg
african, https://images.dog.ceo/breeds/african/n02116738_8095.jpg
african, https://images.dog.ceo/breeds/african/n02116738_8226.jpg
african, https://images.dog.ceo/breeds/african/n02116738_8341.jpg
african, https://images.dog.ceo/breeds/african/n02116738_8403.jpg
african, https://images.dog.ceo/breeds/african/n02116738_8489.jpg
african, https://images.dog.ceo/breeds/african/n02116738_849.jpg
african, https://images.dog.ceo/breeds/african/n02116738_8512.jpg
african, https://images.dog.ceo/breeds/african/n02116738_8579.jpg
african, https://images.dog.ceo/breeds/african/n02116738_8653.jpg
african, https://images.dog.ceo/breeds/african/n02116738_8662.jpg
african, https://images.dog.ceo/breeds/african/n02116738_8669.jpg
african, https://images.dog.ceo/breeds/african/n02116738_8696.jpg
african, https://images.dog.ceo/breeds/african/n02116738_8719.jpg
african, https://images.dog.ceo/breeds/african/n02116738_8734.jpg
african, https://images.dog.ceo/breeds/african/n02116738_8738.jpg
african, https://images.dog.ceo/breeds/african/n02116738_8749.jpg
african, https://images.dog.ceo/breeds/african/n02116738_8945.jpg
african, https://images.dog.ceo/breeds/african/n02116738_9164.jpg
african, https://images.dog.ceo/breeds/african/n02116738_9232.jpg
african, https://images.dog.ceo/breeds/african/n02116738_9282.jpg
african, https://images.dog.ceo/breeds/african/n02116738_9333.jpg
african, https://images.dog.ceo/breeds/african/n02116738_9603.jpg
african, https://images.dog.ceo/breeds/african/n02116738_9748.jpg
african, https://images.dog.ceo/breeds/african/n02116738_9762.jpg
african, https://images.dog.ceo/breeds/african/n02116738_9769.jpg
african, https://images.dog.ceo/breeds/african/n02116738_9798.jpg
african, https://images.dog.ceo/breeds/african/n02116738_9818.jpg
african, https://images.dog.ceo/breeds/african/n02116738_9829.jpg
african, https://images.dog.ceo/breeds/african/n02116738_9844.jpg
african, https://images.dog.ceo/breeds/african/n02116738_9924.jpg
